Contract,avg_tenure
Month-to-month,18.0366451612903
One year,42.0733695652174
Two year,57.0718100890208
