InternetService,avg_monthly
DSL,58.088017384106
Fiber optic,91.5001291989664
No,21.0762828947368
